<?xml version="1.0" encoding="UTF-8" ?>
<!DOCTYPE mapper PUBLIC "-//mybatis.org//DTD Mapper 3.0//EN" "http://mybatis.org/dtd/mybatis-3-mapper.dtd">

<mapper namespace="userdao">
	
	<insert id="setUser" parameterType="user.model.User">
		INSERT INTO user (id, passwd, name, phone, code, position, b_day, regi_date)
		VALUES (#{id}, #{passwd}, #{name}, #{phone}, #{code}, #{position}, #{b_day}, NOW())
	</insert>
	
	<insert id="setUserState" parameterType="user.model.UserState">
	    INSERT INTO userState (id, state, kong, total)
	    VALUES (#{id}, #{state}, #{kong}, #{total})
	</insert>
	
	<insert id="createAccessToken" parameterType="user.model.Token">
	    INSERT INTO token (id, token, timestamp)
	    VALUES (#{id}, #{token}, #{timestamp})
	</insert>
	
	<select id="getUserByEmail" parameterType="String"
		resultType="user.model.User">
		SELECT *
		FROM user
		WHERE id = #{id}
	</select>
	
	<select id="getUserPassword" parameterType="String" resultType="String">
	    SELECT *
	    FROM user
	    WHERE id = #{id}
	</select>
	
	<select id="getAccessToken" parameterType="String" rsultType="user.model.Token">
	    SELECT *
	    FROM token
	    WHERE id = #{id}
	</select>
	
	<update id="updateUserPassword" parameterType="map">
		UPDATE user
		SET passwd = #{passwd}
		WHERE id = #{id}
	</update>
	
	<update id="updateUserCode" parameterType="map">
	    UPDATE user
	    SET code = #{code}
	    WHERE id = #{id}
	</update>
</mapper>