<?xml version="1.0" encoding="UTF-8"?>
<beans xmlns="http://www.springframework.org/schema/beans"
	xmlns:xsi="http://www.w3.org/2001/XMLSchema-instance"
	xmlns:context="http://www.springframework.org/schema/context"
	xsi:schemaLocation="http://www.springframework.org/schema/beans
						http://www.springframework.org/schema/beans/spring-beans.xsd
						http://www.springframework.org/schema/context 
						http://www.springframework.org/schema/context/spring-context-3.0.xsd">

	<context:component-scan base-package="restapi"/>
	
	<bean id="userDao" class="restapi.user.dao.UserDaoImpl">
		<property name="sqlSession" ref="sqlSession" />
	</bean>
	<bean id="appUsageDao" class="restapi.appUsage.dao.AppUsageDaoImpl">
		<property name="sqlSession" ref="sqlSession" />
	</bean>
	
	<bean id="userService" class="restapi.user.service.UserServiceImpl">
		<property name="userDao" ref="userDao" />
	</bean>
	<bean id="appUsageService" class="restapi.appUsage.service.AppUsageServiceImpl">
		<property name="appUsageDao" ref="appUsageDao" />
	</bean>
</beans>